Speed,Pressure,Battery,Load
20.742367482354,48.122972409466,24.0980437894047,7.03661631877533
